*This text file currently contains adverse drug reactions (ADRs) for strong & moderate CYP3A4 & CYP2D6 substrates, 
with plan to slowly add other CYP isoform substrates' ADRs over time*

CYP3A4 & 2D6 substrates

generic_drug_name,notes,cyp_type_and_cyp_strength_of_evidence,drug_class,adverse_drug_reactions,first_ref,second_ref,date_checked
bosentan,n/a,s_3A4,agents_for_pulmonary_hypertension,"abnormal_LFT^^, headache^^, RTI^^, hemoglobin_decreased^^, sperm_count_decreased^^, edema^^, hepatic_cirrhosis(pm), liver_failure(pm), jaundice(pm), syncope^, sinusitis^, nasal_congestion^, sinus_congestion^, rhinitis^, oropharyngeal_pain^, epistaxis^, nasopharyngitis^, idiopathic_pulmonary_fibrosis^, anemia^, hematocrit_decreased^, thrombocytopenia(pm), neutropenia(pm), leukopenia(pm), flushing^, hypotension^, palpitation^, orthostatic_hypotension^, unstable_angina^, hot_flush^, gastroesophageal_reflux_disease^, diarrhea^, pruritus^, erythema^, angioedema(pm), DRESS(pm), rash(pm), dermatitis(pm), arthralgia^, joint_swelling^, blurred_vision^, chest_pain^, peripheral_edema^, influenza_like_illness^, vertigo^, fever^, chest_pain^, hypersensitivity_reaction^, anaphylaxis(pm)",drugs.com,nzf,270225
carbamazepine,n/a,s_3A4,antiepileptics,"constipation^^, leucopenia^^, dizziness^^, sedation^^, ataxia^^, elevated_GGT^^, allergic_skin_reactions^^, eosinophilia^, thrombocytopenia^, neutropenia^, headache^, tremor^, elevated_ALP^, pruritus^, paresthesia^, diplopia^, blurred_vision^, hyponatremia^, fluid_retention^, oedema^, weight_gain^, reduced_plasma_osmolarity_(ADH_like_effect)^, vertigo^",drugs.com,nzf,211024
eliglustat,n/a,s_3A4_s_2D6,metabolic_agents,"diarrhea^^, oropharyngeal_pain^^, arthralgia^^, back_pain^^, pain_in_extremity^^, upper_abdominal_pain^^, headache^^, migraine^^, fatigue^^, rash^, flatulence^, dyspepsia^, gastroesophageal_reflux_disease^, constipation^, palpitations^, dizziness^, asthenia^, cough^",drugs.com,emc,151124
flibanserin,n/a,s_3A4,CNS_agents,"dizziness^^, sedation^^, fatigue^, vertigo^, accidental_injury^, insomnia^, anxiety^, dry_mouth^, constipation^, metrorrhagia^, abdominal_pain^, anaphylaxis(pm), angioedema(pm), pruritus(pm), urticaria(pm)",drugs.com,Drugs@FDA,161124
imatinib,n/a,s_3A4,tyrosine_kinase_inhibitor,"rash^^, diarrhea^^, abdominal_pain^^, constipation^^, dyspepsia^^, hemorrhage^^, neutropenia^^, thrombocytopenia^^, anemia^^, influenza^^, weight_gain^^, muscle_spasm/cramps^^, musculoskeletal_pain^^, joint_pain^^, myalgia^^, bone_pain^^, headache^^, dizziness^^, periorbital_edema^^, edema^^, fatigue^^, fever^^, insomnia^^, depression^^, nasopharyngitis^^, cough^^, upper_respiratory_tract infection^^, pharyngolaryngeal_pain^^, sinusitis^^, flushing^, pruritus^, face_edema^, dry skin^, erythema^, alopecia^, night_sweats^, photosensitivity_reaction^, flatulence^, abdominal_distension^, gastroesophageal_reflux^, dry_mouth^, gastritis^, pancytopenia^, febrile_neutropenia^, increased_hepatic_enzymes^, anorexia^, weight_loss^, joint_swelling^, paresthesia^, hypoesthesia^, eyelid_edema^, lacrimation_increased^, conjunctival_hemorrhage^, conjunctivitis^, dry_eye^, blurred_vision^, taste_disturbance^, weakness^, generalized_edema^, rigors^, dyspnea^, epistaxis^",drugs.com,nzf,181124
ibrutinib,n/a,s_3A4,tyrosine_kinase_inhibitor,"hypertension^^, atrial_fibrillation^^, sinus_tachycardia^^,  rash^^, skin_infection^^, pruritus^^, diarrhea^^, stomatitis^^, abdominal_pain^^, constipation^^, dyspepsia^^, gastroesophageal_reflux_disease^^, UTI^^, decreased_platelets^^, neutropenia^^, decreased_neutrophils^^, decreased_hemoglobin^^, thrombocytopenia^^, hemorrhage^^, anemia^^, lymphocytosis^^, increased_bilirubin^^, increased_AST^^, increased_ALT^^, hepatic_failure(pm), hepatic_cirrhosis(pm), hepatitis_B_reactivation(pm), hepatotoxicity(pm), hypogammaglobulinemia^^, hyperuricemia^^, decreased_appetite^^, hypokalemia^^, musculoskeletal_pain^^, arthralgia^^, muscle_spasms^^, osteonecrosis^^, headache^^, dizziness^^, peripheral_neuropathy(pm)^^, dry_eye^^, blurred_vision^^, increased_lacrimation^^, reduced_visual_acuity^^, conjunctivitis^^, eye_hemorrhage(pm), second_malignancies^^, fatigue^^, fever^^, peripheral_edema^^, pain^^, infections^^, fall^^, asthenia^^, chills^^, sepsis^^, decreased_weight^^, insomnia^^, increased_blood_creatinine^^, upper_RTI^^, cough^^, pneumonia^^, dyspnea^^, sinusitis^^, oropharyngeal_pain^^, bronchitis^^, nasopharyngitis^^, influenza^^, viral_upper_RTI^^, atrial_flutter^, cardiac_failure(pm)^, ventricular_tachyarrhythmias(pm)^, deaths_due_to_cardiac_causes^, erythema(pm)^, urticaria(pm)^, angioedema(pm), Stevens_Johnson_syndrome(pm), onychoclasis(pm), panniculitis(pm), neutrophilic_dermatoses(pm), major_hemorrhage^, febrile_neutropenia^, leukocytosis^,  anaphylactic_shock(pm), tumor_lysis_syndrome(pm)^, hyponatremia^, ischemic_cerebrovascular_events(pm)^, non_melanoma_skin_cancer^, non_skin_carcinomas^, basal_and_squamous_cell_carcinomas^, epistaxis^, interstitial_lung_disease(pm)",drugs.com,nzf,191124
neratinib,n/a,s_3A4,tyrosine_kinase_inhibitor,"diarrhea^^, abdominal_pain^^, stomatitis^^, dyspepsia^^, fatigue^^, rash^^, decreased_appetite^^, muscle_spasms^^, abdominal_distention^, dry_mouth^, nail_disorder^, skin_fissures^, decreased_weight^, dehydration^, UTI^, increased_ALT^, increased_AST^, epistaxis^",drugs.com,nzf,201124
esomeprazole,n/a,s_3A4,proton_pump_inhibitors,"headache^^, flatulence^^, dizziness^, sedation^, taste_disturbance/perversion^, vertigo^, abdominal_pain^, benign_fundic_gland_polyps(pm)^, constipation/constipation_aggravated^, diarrhea(c_diff_related_pm)^, dry_mouth^, duodenal_ulcer_hemorrhage^, epigastric_pain/aggravated_epigastric_pain^, gastritis/aggravated_gastritis(pm)^, pancreatitis(pm), regurgitation^, tooth_disorder^, cough^, respiratory_infection^, sinusitis^, tachypnea_(children)^, accident/injury^, fever^, pruritus^, cutaneous_lupus_erythematosus(pm), systemic_lupus_erythematosus(pm), hypertension/aggravated_hypertension^, back_pain^, bone_fracture(pm), increased_serum_gastrin^, viral_infection^, ALT_increased^, irreversible_visual_impairment(pm), loss_of_vision(pm), acute_interstitial_nephritis(pm), impaired_renal_function(pm), increased_creatinine(pm), nephrosis(pm)",drugs.com,emc,161124
omeprazole,n/a,s_3A4,proton_pump_inhibitors,"fever^^, otitis_media^^, respiratory_system_reactions^^, taste_disturbance^^, diarrhea^^, accidental_injury^, asthenia^, pain(pm), fatigue(pm), tinnitus(pm), cough^, pharyngitis/pharyngeal_pain^, rhinitis^, upper_respiratory_infection^, epistaxis(pm), dizziness^, drowsiness^, headache^, sedation^, tremor(pm), abdominal_pain^, acid_regurgitation^, benign_fundic_gland_polyps^, constipation^, flatulence^, tongue_discoloration^, abdominal_swelling(pm), c_diff_associated_diarrhea(pm), esophageal_candidiasis(pm), fecal_discoloration(pm), fundic_gland_polyps(pm), irritable_colon(pm), mucosal_atrophy_of_the_tongue(pm), pancreatitis(pm), rash^, cutaneous_lupus_erythematosus(pm), dry_skin(pm), hyperhidrosis(pm), petechia(pm), skin_inflammation(pm), severe_generalized_skin_reactions(pm), systemic_lupus_erythematosus(pm), back_pain^, bone_fracture(pm), leg_pain(pm), muscle_cramps(pm), insomnia^, anxiety(pm), apathy(pm), dream_abnormalities(pm), nervousness(pm), psychiatric_and_sleep_disturbances(pm), flu_syndrome^, cholestatic_disease(pm), fatal_hepatic_failure(pm), hepatocellular_disease(pm), jaundice(pm), liver_disease(pm), liver_necrosis(pm), mixed_hepatitis(pm), bradycardia(pm), angina(pm), hypertension(pm), palpitations(pm), tachycardia(pm), anemia(pm), fatal_agranulocytosis(pm), hemolytic_anemia(pm), leukocytosis(pm), neutropenia(pm), purpura(pm), anaphylaxis(pm), anorexia(pm), cyanocobalamin_deficiency(pm), hypoglycemia(pm), elevated_serum_creatinine(pm), glycosuria(pm), anterior_ischemic_optic_neuropathy(pm), double_vision(pm), dry_eye_syndrome(pm), ocular_irritation(pm), optic_atrophy(pm), optic_neuritis(pm), hematuria(pm), microscopic_pyuria(pm), proteinuria(pm), testicular_pain(pm), urinary_frequency(pm), UTI(pm), gastroduodenal_carcinoids(ZE_syndrome,pm)",drugs.com,nzf,181124
ivacaftor,n/a,s_3A4,CFTR_potentiator,"rash^^, oropharyngeal_pain^^, abdominal_pain^^, diarrhea^^, transaminase_elevations^^, headache^^, fever^^, upper_RTI^^, nasal_congestion^^, nasopharyngitis^^, cystic_fibrosis_lung^^, cough^^, abnormal_breathing_sounds^^, acne^, increased_hepatic_enzymes^, increased_blood_glucose^, arthralgia^, musculoskeletal_chest_pain^, myalgia^, dizziness^, sinus_headache^, bacteria_in_sputum^, ear_pain^, tinnitus^, tympanic_membrane_hyperemia^, ear_congestion^, rhinitis^, pharyngeal_erythema^, pleuritic_pain^, sinus_congestion^, wheezing^, breast_mass^, non_congenital_lens_opacities/cataracts(pm)",drugs.com,nzf,201124
naloxegol,n/a,s_3A4,peripheral_opioid_receptor_antagonists,"abdominal pain^^, possible_opioid_withdrawal_syndrome^, diarrhea^, flatulence^, hyperhidrosis^, headache^, nasopharyngitis^",drugs.com,emc,211124
oxycodone,n/a,s_3A4_s_2D6,opioid_analgesics,"headache^^, constipation^^, fever^^, dizziness^, serotonin_syndrome(pm), hyperalgesia(pm), allodynia(pm), pruritus^, hyperhidrosis^, rash^, dysuria^, urinary_retention^, anaphylaxis(pm), decreased_appetite^, hypoglycemia(pm), adrenal_insufficiency(pm), androgen_deficiency(pm)",drugs.com,nzf,211124
sirolimus,n/a,s_3A4,immunosuppressant,"hypertriglyceridemia^^, hypercholesterolemia^^, hypokalemia^^, hypophosphatemia^^, hyperglycemia^^, peripheral_edema^^, hypertension^^, chest pain^^, edema^^, lymphocele^^, constipation^^, abdominal_pain^^, diarrhea^^, dyspepsia^^, dyspnea^^, upper_RTI^^, pharyngitis^^, anemia^^, thrombocytopenia^^, blood_LDH_increased^^, blood_creatinine_increased^^, UTI^^, arthralgia^^, headache^^, acne^^, rash^^, creatinine_increased^^, fever^^, pain^^, abnormal_healing^, diabetes_mellitus^, Venous_thromboembolism^, tachycardia^, stomatitis^, pneumonia^, epistaxis^, pleural_effusion^, thrombocytopenic_purpura/hemolytic_uremic_syndrome^, leukopenia^, neutropenia^, AST_increased^, ALT_increased^, pyelonephritis^, declining_renal_function_(with_long_term_cyclosporine)^, ovarian_cysts^, menstrual_disorders^, proteinuria^, azoospermia(pm), bone_necrosis^,osteonecrosis^, tremor^, insomnia^, herpes_zoster^, herpes_simplex^,skin_cancer^, lymphoma/post_transplant_lymphoproliferative_disorder^, sepsis^, pneumonia^, pyelonephritis^, fungal/viral/bacterial_infections^, mycobacterial_infections^, cytomegalovirus^, Epstein_Barr_virus^",drugs.com,nzf,231124
terfenadine,*,s_3A4,antihistamines,"dizziness^^, syncopal_episodes^^, palpitations^, ventricular_arrhythmias^^, cardiac_arrest^^, cardiac_death^^, headaches^",drugs.com,no_ref_available(withdrawn_from_market),231124
trazodone,n/a,s_3A4,phenylpiperazine_antidepressants,"drowsiness^^, dizziness^^, lightheadedness^^, headache^^, dry_mouth^^, hypertension^^, blurred_vision^^, nervousness^^, fatigue^^, decreased_concentration^, incoordination^, syncope^, tremor^, aphasia(pm), ataxia(pm), cerebrovascular_accident(pm), extrapyramidal_symptoms(pm), grand_mal_seizures(pm), state_of_unconsciousness(pm), tardive_dyskinesia(pm), abdominal_disorder^, constipation^, diarrhea^, gastric_disorder^, increased_amylase(pm), edema^, hypotension^, atrial_fibrillation(pm), cardiac_arrest(pm), cardiospasm(pm), conduction_block(pm), congestive_heart_failure(pm), myocardial_infarction(pm), vasodilation(pm), ventricular_ectopic_activity(pm), itching_eyes, diplopia(pm), confusion^, abnormal_dreams(pm), paranoid_reaction(pm), psychoses(pm), aches^, malaise^, pain^, chills(pm), unexplained_death(pm), weight_disturbance^, sinus_congestion^, apnea(pm), skin_condition^, alopecia(pm), hirsutism(pm), leuconychia(pm), psoriasis(pm), urticaria(pm), breast_engorgement(pm), breast_enlargement(pm), clitorism(pm), lactation(pm), urinary_incontinence(pm), urinary_retention(pm), cholestasis(pm), hyperbilirubinemia(pm), abnormal_LFT(pm), hemolytic_anemia(pm), leukocytosis(pm), methemoglobinemia(pm)",drugs.com,emc,280225
triazolam,n/a,s_3A4,benzodiazepines,"sedation^^, drowsiness^^, WBC_in_urinalysis^^, low_eosinophil_count^^, anterograde_amnesia_with_appropriate/inappropriate_behavior^, ataxia^, concentration_difficulty^, impaired_coordination^, dizziness^, headache^, impaired_equilibrium^, lethargy^, lightheadedness^, memory_impairment^, albuminuria^, RBC_in urinalysis^, high_eosinophil_count^, low_monocyte_count^, low/high_basophil_count^, low/high_lymphocyte_count^, low/high_neutrophil_count^, low/high_WBC_count^, high_bilirubin^, increased_ALP^, low/high_creatinine^, anxiety^, nervousness^, tiredness^, high_AST_levels^, anaphylactic_shock(pm), anaphylactoid_reaction(pm), allergic_edema(pm), angioneurotic_edema(pm), hypersensitivity_reaction(pm)",drugs.com,Drugs@FDA,280225
diazepam,n/a,m_3A4,benzodiazepines,"sedation^^, ataxia^, anterograde_amnesia^, disrupted_sensory_perception(ws)^, dizziness^, drowsiness^, fatique^, general_malaise(ws)^, epileptic_attacks^, impaired_motor_ability^, tremor(ws)^, convulsion^, dysarthria^, epileptic_attacks (ws)^, headache^, impaired_motor_ability^, incoordination^, speech_disorder^, vertigo^, aggression(ws)^, anxiety(ws)^, confusion^, delirium(ws)^, irritability(ws)^, panic(ws)^, paranoid_psychosis(ws)^, withdrawal_symptoms^, asthma^, hiccup^, rhinitis^, hypotension^, palpitations(ws)^, vasodilation^, muscle_spasms(ws)^, muscle_weakness^, GI_disorders(ws)^, loss_of_appetite(ws)^, sweating(ws)^, rash^, double_vision/diplopia(rectal)^",drugs.com,nzf,291124
hydrocortisone,n/a,m_3A4,corticosteroids,"hypothalamus_pituitary_adrenal_activity_suppression(dd), Cushingoid_appearance(dd), hirsutism(dd), impotence(dd), menstrual_irregularities(dd), peptic_ulcer_disease(dd), cataracts(dd), increased_intraocular_pressure/glaucoma(dd), myopathy(dd), osteoporosis(dd), vertebral_compression_fractures(dd), sodium_retention_related_weight_gain_and_fluid_accumulation(dd), hyperglycemia/glucose_intolerance(dd), hypokalemia(dd), psychic_disturbances(dd)",drugs.com,nzf,291124
lansoprazole,n/a,m_3A4,proton_pump_inhibitors,"abdominal_pain^, benign_fundic_gland_polyps^, constipation^, diarrhea^, dry_mouth^, flatulence^, stomach_ache^, itching^, pruritus^, rash^, urticaria^, fatal_toxic_epidermal_necrolysis(pm), dizziness^, headache^, taste_disturbance^, speech_disorder(pm), increased_liver_enzyme_levels^, hepatotoxicity(pm), fatigue^, dry_throat^, myositis(pm), aplastic_anemia(pm), hemolytic_anemia(pm), thrombotic_thrombocytopenic_purpura(pm), anaphylactoid_reactions(pm)",drugs.com,nzf,291124
pantoprazole,n/a,m_3A4,proton_pump_inhibitors,"headache^^, taste_disturbance^^, nasopharyngitis^^, pharyngolaryngeal_pain^^, diarrhea^^, dizziness^, metallic/bitter_taste^, sedation^, ageusia(pm), taste_disturbance(pm), cough^, nasal_congestion^, pharyngitis^, abdominal_pain^, benign_fundic_gland_polyps^, buccal_inflammation^, constipation^, dry_mouth^, dyspepsia^, fecal_discoloration^, flatulence^, heartburn^, oral_thrush^, pruritus^, tongue_discoloration^, tongue_pain^, upper_abdominal_pain^, tiredness^, depression^, insomnia(pm), increased_liver_enzymes^, hepatocellular_damage(pm), rash^, chest_pain^, arthralgia^, rhabdomyolysis(pm), anorexia^, influenza_like_symptoms^, candidal_infection^, anaphylaxis(pm)",drugs.com,nzf,031224
lercanidipine,*,m_3A4,calcium_channel_blockers,"hypotension(pm), gingival_hypertrophy(pm), urinary_frequency(pm), chest_pain(pm), increased_liver_enzymes(pm)",drugs.com,drugs.com_uk_di,031224
naldemedine,n/a,m_3A4,peripheral_opioid_receptor_antagonists,"diarrhea^^, abdominal_pain^^, gastroenteritis^, bronchospasm(pm), rash(pm)",drugs.com,Drugs@FDA,061224
nelfinavir,n/a,m_3A4,antivirals,"diarrhea^^, flatulence^, decreased_lymphocytes^, decreased_neutrophils^, decreased_hemoglobin^, elevated_AST^, elevated_ALT^, jaundice(pm), bilirubinemia(pm), elevated_creatine_kinase^, rash^, QTc_prolongation(pm), torsades_de_pointes(pm), metabolic_acidosis(pm), new_onset_diabetes_mellitus(pm_HIV_pit), exacerbation_of_pre_existing_diabetes_mellitus(pm_HIV_pit), hyperglycemia(pm_HIV_pit), ketoacidosis(pm_HIV_pit), hypersensitivity_reactions(pm)",drugs.com,Drugs@FDA,061224
telaprevir,*,m_3A4,antivirals,"rash^^, pruritus^^, anemia^^, decreased_mean_platelet_counts^^, decreased_hemoglobin_levels^^, decreased_lymphocyte_counts^^, decreased_absolute_neutrophil_counts^^, elevated_uric_acid_levels^^, diarrhea^^, hemorrhoids^^, anorectal_discomfort^^, fatigue^^, elevated_bilirubin^^, taste_disturbance^^, severe_rash^, toxic_epidermal_necrolysis(pm), erythema_multiforme(pm), decreased_total_white_cell_counts^, pre_renal_azotemia(pm), uric_acid_nephropathy(pm)",drugs.com,Drugs@FDA,101224
ondansetron,n/a,m_3A4_s_2D6,antiemetics,"headache^^, sedation^^, wound_problem^^, fatigue^^, diarrhea^^, constipation^^, eye_disorder^^, dizziness^, paresthesia^, shivers^, fever^, cold_sensation^, xerostomia^, localized_anal/rectal_burning_sensation^, visual_disturbance/transient_visual_disturbances^, sensation_of_warmth/flushing^, bradycardia^, hypotension^, arrhythmias^, cardiopulmonary_arrest(pm), shock(pm), hypoxia^, lower_respiratory_tract_disease^, expectoration^, cough^, shortness_of_breath(pm), laryngeal_edema(pm), stridor(pm), laryngospasm(pm), anxiety/agitation^, disturbance_in_behavior^, sleep_disturbance^, gynecological_disorder^, urinary_retention^, UTI^, rash^, pruritus^, asymptomatic_increases_in_AST/ALT^, liver_failure_and_death(pm_hep_cyto), angioedema(pm)",drugs.com,nzf,101224
quinine,*,m_3A4,antimalarials,"cinchonism",drugs.com,nzf,111224
ribociclib,*,m_3A4,cyclin-dependent_kinase_inhibitors,"alopecia^^, rash^^, pruritus^^, diarrhea^^, constipation^^, abdominal_pain^^, stomatitis^^, dry_mouth^^, dyspepsia^^, UTI^^, decreased_lymphocytes^^, decreased_leukocytes^^, decreased_neutrophils^^, decreased_hemoglobin^^, neutropenia^^, leukopenia^^, decreased_platelets^^, anemia^^, lymphopenia^^, thrombocytopenia^^, increased_ALT^^, increased_AST^^, increased_GGT^^, hepatobiliary_toxicity^^, decreased_blood_glucose^^, decreased_appetite^^, arthralgia^^, back_pain^^, pain_in_extremity^^, headache^^, dizziness^^, increased_lacrimation^^, infections^^, fatigue^^, decreased_phosphorus^^, fever^^, peripheral_edema^^, asthenia^^, hypokalemia^^, decreased_albumin^^, insomnia^^, increased_creatinine^^, cough^^, dyspnea^^, QT_prolongation^, dry_skin^, vitiligo^, erythema^, Stevens_Johnson_syndrome(pm), toxic_epidermal_necrolysis(pm), drug_induced_hypersensitivity_syndrome/drug_reaction_with_eosinophilia_and_systemic_symptoms(pm), febrile_neutropenia^, drug-induced_liver_injury^, increased_blood_bilirubin^, hepatotoxicity^, hypocalcemia^, hypomagnesemia^, hypophosphatemia^, taste_disturbance^, vertigo^, syncope^ dry_eye^, on-treatment_deaths^, oropharyngeal_pain^, COVID-19^, pneumonia^, interstitial_lung disease/pneumonitis^(pm)",drugs.com,nzf,111224
suvorexant,n/a,m_3A4,orexin_receptor_antagonists/hypnotics,"diarrhea^, dry_mouth^, headache^, sedation^, dizziness^, abnormal_dreams^, cough^, upper_RTI^, palpitations(pm), tachycardia(pm), psychomotor_hyperactivity(pm), anxiety(pm), pruritus(pm)",drugs.com,Drugs@FDA,121224
telithromycin,n/a,m_3A4,ketolides,"diarrhea^^, increased_liver_enzymes^, hepatic_dysfunction(pm), fulminant_hepatitis(pm), hepatic_necrosis(pm), hepatic_failure(pm), severe_hepatitis(pm), gastrointestinal_pain^, flatulence^, pancreatitis(pm), headache^, dizziness^, taste_disturbance, loss_of_consciousness(pm), exacerbation_of_myasthenia_gravis(pm), tremors(pm), convulsions(pm), smell_perversion(pm), ageusia(pm), anosmia(pm), hearing_loss(pm), dyspnea(pm), vaginal_candidiasis^, chromaturia(pm), QT_prolongation(pm), ventricular_arrhythmias(pm), ischemic_cardiac_events(pm), angioneurotic_edema(pm), confusion(pm), visual_hallucinations(pm), arthralgia(pm), myalgia(pm), severe_allergic_reactions(pm), anaphylactic_reactions(pm), hypersensitivity(pm), face_edema(pm)",drugs.com,Drugs@FDA,121224
temsirolimus,n/a,m_3A4,MTOR_inhibitors,"increased_AST^^, bacterial_and_viral_infections^^, dyspnea^^, cough^^, epistaxis^^, pharyngitis^^, pneumonia^^, rhinitis^^, increased_creatinine^^, decreased_hemoglobin^^, decreased_lymphocytes^^, anemia^^, decreased_platelets^^, decreased_leukocytes^^, thrombocytopenia^^, decreased_neutrophils^^, neutropenia^^, chest_pain^^, rash^^, pruritus^^, nail_disorder^^, dry_skin^^, acne^^, asthenia^^, fatigue^^, edema^^, pyrexia^^, pain^^, hyperglycemia^^, mucositis^^, diarrhea^^, abdominal_pain^^, constipation^^, unspecified_urogenital_adverse_reaction^^, UTI^^, increased_total_cholesterol^^, increased_triglycerides^^, increased_ALP^^, hypophosphatemia^^, hypocalcemia^^, decreased_appetite^^, anorexia^^, hyperlipidemia^^, hypokalemia^^, weight_loss^^, hypercholesterolemia^^, hypertriglyceridemia^^, increased_LDH^^, back_pain^^, arthralgia^^, muscle_cramp^^, taste_disturbance^^, headache^^, insomnia^^, increased_total_bilirubin^, increased_ALT^, sepsis^, candidiasis^, fungal_infection^, flu_syndrome^, hypersensitivity_reactions^, upper_RTI^, pleural_effusion^, sinusitis^, interstitial_lung_disease/pneumonitis^, pneumocystis_jiroveci_pneumonia(pm), renal_failure^, leukopenia^, lymphopenia^, hypertension^, venous_thromboembolism^, thrombophlebitis^, pericardial_effusion^, folliculitis^, ecchymosis^, petechiae^, Stevens_Johnson_syndrome(pm), wound_infection/post_operative_wound_infection^, impaired_wound_healing^, angioneurotic_edema_type_reactions(pm), extravasations(pm), diabetes_mellitus^, bowel_perforation^, gastrointestinal_hemorrhage^, rectal_hemorrhage^, gastritis^, dysphagia^, abdominal_distension^, oral_pain^, gingivitis^, oral_thrush^, hemorrhoidal_hemorrhage^, dehydration^, myalgia^, rhabdomyolysis(pm), dizziness^, paresthesia^, sedation^, convulsion^, complex_regional_pain_syndrome/reflex_sympathetic_dystrophy(pm), conjunctivitis^, depression^, anxiety^",drugs.com,Drugs@FDA,131224
carvedilol,n/a,s_2D6,beta_blockers,"chest_pain^^, hypotension^^, cardiac_failure^^, fatigue^^, asthenia^^, upper_RTI^^, bradycardia(dose_dependent)^, edema^, hypervolemia^, orthostatic_hypotension^, hypertension^, syncope^, disturbances_of_peripheral_circulation^, diarrhea^, dyspepsia^, abdominal_pain^, melena^, periodontitis^, UTI^, micturition_disorders^, hematuria^, urinary_incontinence_in_women(pm), weight_increase^, hypercholesterolemia^, impaired_blood_glucose_control(pre_existing_diabetes)^, gout^, BUN_increased^, dehydration^, hypervolemia^, anemia^, purpura^, prothrombin_decrease^, pain_in_extremities^, back_pain^, arthralgia^, myalgia^, dizziness(dose_dependent)^, headache^, hyperesthesia^, vertigo^, visual_impairment^, abnormal_vision(dose_dependent)^, blurred_vision^, lacrimation_decreased^, eye_irritation^, pain^, malaise^, fever^, depression^, sedation^, renal_failure_and_renal_function_abnormalities_(diffuse_vascular_disease_and/or_renal_insufficiency)^, albuminuria^, bronchitis^, pneumonia^, dyspnea^, pulmonary_edema^, asthma^, sinusitis^, pharyngitis^, rhinitis^, cough^, rales^",drugs.com,nzf,130225
chlorpheniramine,n/a,s_2D6,antihistamines,"sedation^^, disturbance_in_attention^, abnormal_coordination^, dizziness^, headache^, blurred_vision^, dry_mouth^, fatigue^",drugs.com,nzf,140225
doxepin,n/a,s_2D6,tricyclic_antidepressants,"sedation^, hypoesthesia(pm), taste_disturbance(pm), dry_mouth^, contipstion^, hypertension^, arrhythmia(pm), conduction_disorder(pm),  gastroenteritis^, tongue_edema(pm), upper_abdominal_pain(pm), upper_RTI^, malaise(pm)",drugs.com,emc,140225
nortriptyline,*,s_2D6,tricyclic_antidepressants,"dry_mouth, blurred_vision, constipation, urinary_retention, anxiety, dizziness, agitation, confusion, sleep_disturbances, irritability, paraesthesia, drowsiness, changes_in_blood_glucose, increased_appetite, weight_gain, anorexia, weight_loss, hyponatraemia, taste disturbance, tinnitus, urticaria, pruritus, alopecia, galactorrhoea, gynaecomastia, Brugada_syndrome(pm), angle_closure_glaucoma(pm)",nzf,drugs.com,170225
perhexiline,*,s_2D6,antianginals,"dizziness^^, headache^^, ataxia^^, weight_loss^^, hepatoxicity^, peripheral_neuropathy^, weakness^, tremors^, fainting^, hypoglycaemia^, hyperlipidaemia^, QT_prolongation^", nzf,data_sheet,190225
tetrabenzine,n/a,s_2D6,movement_disorder_agent,"any_extrapyramidal_event^^, sedation^^, akathisia^^, parkinsonism^^, fatigue^^, fall^^, insomnia^^, depression^^, anxiety^^, upper_RTI^^, balance_difficulty^, dizziness^, dysarthria^, unsteady_gait^, headache^, tremor(pm), head_laceration^, irritability^, obsessive_reaction^, agitation^, confusion^, worsening_aggression(pm), dysphagia_choking_attacks^, constipation^, diarrhea^, shortness_of_breath^, bronchitis^, pneumonia(pm), hypotension^, ecchymosis^, hyperhidrosis(pm), rash(pm), dysuria^, decreased_appetite^",drugs.com,nzf,190225
tramadol,n/a,s_2D6,opioid_analgesics,"nervousness^^, anxiety^^, agitation^^, tremor^^, spasticity^^, euphoria^^, emotional_lability^^, hallucinations^^, constipation^^, dyspepsia^^, dizziness^^, sedation^^, headache^^, pruritus^^, flushing^^, asthenia^^, anxiety^, euphoria^, nervousness^, sleep_disorder^, insomnia^, depression^, agitation^, apathy^, dry_mouth^, diarrhea^, abdominal_pain^, flatulence^, sore_throat^, gastroenteritis^, confusion^, coordination_disturbance^, tremor^, paresthesia^, hypoesthesia^, seizures(pm), serotonin_syndrome(pm), sweating^, dermatitis^, menopausal_symptoms^, urinary_frequency^, urinary_retention^, UTI^, vasodilation^, postural_hypotension^, chest_pain^, QT_prolongation(pm), malaise^, weakness^, pain^, influenza_like_illness^, rigors^, lethargy^, fever^, anorexia^, decreased_weight^, hyperglycemia^, hyponatremia(pm), adrenal_insufficiency(pm), androgen_deficiency(pm), miosis^, visual_disturbance^, blurred_vision^, hypertonia^, arthralgia^, back_pain^, limb_pain^, neck_pain^, muscle_cramps^, respiratory_depression(dose-dependent)^, joint_stiffness^, muscle_twitching^, myalgia^, aggravated_osteoarthritis^",drugs.com,nzf,200225
venlafaxine,n/a,m_3A4_s_2D6_m_2C19,serotonin_norepinephrine_reuptake_inhibitors,"dry_mouth^^, constipation^^, headache^^, sedation^^, dizziness^^, tremor^^, insomnia^^, nervousness^^, anxiety^^, sweating^^, night_sweats^^, anorexia^^, asthenia^^, abnormal_ejaculation^^, abdominal_pain^, diarrhea^, dyspepsia^, flatulence^, akathisia^, amnesia^, dysgeusia^, hypertonia^, hypesthesia^, increased_muscle_tone^, migraine^, paresthesia^, taste_disturbance^, vertigo^, abnormal_coordination(pm), impaired_balance(pm), involuntary_movements(pm), NMS_like_reactions(pm), shock_like_electrical_sensations(pm), abnormal_dreams^, abnormal_thinking^, agitation^, confusion^, depression^, libido_decreased^, catatonia(pm), confusional_state(pm), panic(pm), paranoia(pm), psychotic_disorder(pm), ecchymosis^, hyperhidrosis^, pruritus^, rash^, hypercholesterolemia^, appetite_disturbance^, weight_changes^, LDH_increased(pm), accidental_injury^, chills^, fatigue^, fever^, tinnitus^, trauma^, congenital_anomalies(pm), albuminuria^, enlarged_prostate^, erectile_dysfunction^, metrorrhagia^, pollakiuria^, prostatic_disorder^, prostatitis^, urinary_frequency^, urinary_retention^, vaginitis^, proteinuria(pm), chest_pain^, edema^, hot_flushes^, hypertension(dose-dependent)^, palpitation^, postural_hypotension^, tachycardia^, vasodilation^, atrial_fibrillation(pm), deep_vein_thrombophlebitis(pm), ECG_abnormalities(pm), stress_cardiomyopathy(pm), supraventricular_tachycardia(pm), Takotsubo_cardiomyopathy(pm), ventricular_extrasystole(pm), bronchitis^, cough_increased^, dyspnea^, pharyngitis^, sinusitis^, visual_disturbance^, mydriasis^, neck_pain^, trismus^, twitching^, bone_fracture(pm), CPK_increased(pm), flu_syndrome^, infection^, INR_increased(pm), prolonged_partial_thromboplastin_time(pm), prothrombin_time_increased(pm), fatty_liver(pm), GGT_elevation(pm), hepatic_reactions(pm), liver_damage(pm), liver_failure(pm), liver_necrosis(pm), renal_failure(pm)",drugs.com,nzf,210225
zolpidem,n/a,m_3A4,hypnotics,"dizziness^^, headache^^, sedation^^, amnesia^, ataxia^, attention_disturbance^, balance_disorder^, burning_sensation^, cognitive_disorders^, daytime_drowsiness^, hypoesthesia^, involuntary_muscle_contractions^, lethargy^, lightheadedness^, memory_impairment^, paresthesia^, postural_dizziness^, tremor^, vertigo^, dysgeusia(pm), memory_disturbances(pm), reduced_alertness(pm), abnormal_dreams^, agitation^, anxiety^, apathy^, confusion^, depression^, disinhibition^, disorientation^, euphoria^, hallucinations^, insomnia^, mood_swings^, nervousness^, nightmare^, psychomotor_retardation^, restlessness^, stress_symptoms^, aggravated_insomnia(pm), other_adverse_behavioral_effects(pm), perceptual_disturbances(pm), rages(pm), abdominal_discomfort^, abdominal_tenderness^, constipation^, diarrhea^, dry_mouth^, dyspepsia^, flatulence^, gastroenteritis^, frequent_bowel_movements^, gastroesophageal_reflux_disease^, asthenia^, chest_discomfort^, contusion^, fatigue^, fever^, labyrinthitis^, neck_injury^, otitis_externa^, tinnitus^, lower_RTI^, upper_RTI^, nasopharyngitis^, pharyngitis^, rhinitis^, sinusitis^, cough(pm), dry_throat(pm), asthenopia^, diplopia^, visual_disturbance^, arthralgia^, back_pain^, muscle_cramp^, myalgia^, neck_pain^, dysuria^, menorrhagia^, UTI^, vulvovaginal_dryness^, dysmenorrhea^, rash^, urticaria^, contact_dermatitis(pm), infection^, influenza^, hypertension^, palpitations^, increased_heart_rate(pm), anorexia^, appetite_disorder^, allergy^, acute_liver_injury(pm)",drugs.com,emc,240225
escitalopram,*,m_2D6,selective_serotonin_reuptake_inhibitors,"insomnia^^, headache^^, sedation^^, diarrhea^^, ejaculation_disorder^^, abnormal_dreams^, agitation^, anxiety^, nervousness^, restlessness^, acute_psychosis(pm), completed_suicide(pm), delirium(pm), delusion(pm), disorientation(pm), non_accidental_overdose(pm), mood_swings(pm), nightmare(pm), psychotic_disorder(pm), withdrawal_syndrome(pm), dizziness^, lethargy^, paresthesia^, tremor^, dysarthria(pm), NMS(pm), nystagmus(pm), parkinsonism(pm), restless_legs(pm), tardive_dyskinesia(pm), palpitation^, abnormal_bleeding(pm), atrial_fibrillation(pm), cardiac_failure(pm), deep_vein_thrombosis(pm), hypertensive_crisis(pm), phlebitis(pm), postural_hypotension(pm), thrombosis(pm), ventricular_arrhythmia(pm), ventricular_tachycardia(pm), abdominal_pain^, constipation^, dry_mouth^, dyspepsia^, flatulence^, indigestion^, dysphagia(pm), pancreatitis(pm), stomatitis(pm), appetite_disturbance^, weight_increased^, hypoglycemia(pm), hypokalemia(pm), fatigue^, fever^, spontaneous_abortion(pm), decreased_libido^, menstrual_disorder^, vaginal_bleeding^, increased_sweating^, epidermal_necrolysis(pm), erythema_multiforme(pm), Stevens_Johnson_syndrome(pm), toxic_epidermal_necrolysis(pm), hyperprolactinemia(pm), agranulocytosis(pm), aplastic_anemia(pm), decreased_prothrombin(pm), hemolytic_anemia(pm), idiopathic_thrombocytopenia_purpura(pm), increased_INR(pm), abnormal_LFT(pm), fulminant_hepatitis(pm), hepatic_failure(pm), hepatic_necrosis(pm), hepatitis(pm), increased_bilirubin(pm), hypersensitivity(pm), photosensitivity_reaction(pm), influenza_like_symptoms^, arthralgia^, back_pain^, myalgia^, neck/shoulder_pain^, rhabdomyolysis(pm), angle_closure_glaucoma(pm), diplopia(pm), acute_renal_failure(pm), pharyngitis^, rhinitis^, sinusitis^, upper_RTI^, pulmonary_embolism(pm), pulmonary_hypertension_of_the_newborn(pm)",drugs.com,nzf,250225
lidocaine,*,m_2D6,local_anaesthetics,"hypersensitivity_reactions",drugs.com,nzf,250225
metoclopramide,n/a,m_2D6,antiemetics,"drowsiness^^, acute_dystonic_reaction^^, akathisia^, dizziness^, extrapyramidal_disorders^, headache^, parkinsonism^, sedation^, diarrhea^, asthenia^, fatigue^, depression^, restlessness^, hypotension^",drugs.com,nzf,260225
mexiletine,n/a,m_2D6,antiarrhythmics,"anorexia^^, constipation^^, dyspepsia^^, dizziness^^, difficulties_with_coordination^^, diarrhea^, fine_hand_tremor^, palpitation^, chest_pain^, pro_arrhythmic_effect^, angina^, new_or_worsened_congestive_heart_failure^, respiratory_abnormalities^, diplopia^, nystagmus^, blurred_vision^, rash^, confusion^, drowsiness^, ataxia^, paraesthesia^",drugs.com,nzf,260225


CYP2C19 substrates

carisoprodol,n/a,s_2C19,skeletal_muscle_relaxants,"drowsiness^^, dizziness^, headache^, ataxia(pm), tremor(pm), seizures(pm), tachycardia(pm), postural_hypotension(pm), syncope(pm), facial_flushing(pm), agitation(pm), irritability(pm), depressive_reactions(pm), insomnia(pm), vertigo(pm), dependence(pm), withdrawal(pm), epigastric_discomfort(pm), leukopenia(pm), pancytopenia(pm)",drugs.com,Drugs@FDA,030325

*work-in-progress*

citalopram,n/a,s_2C19,selective_serotonin_reuptake_inhibitors,
"headache^^, sedation^^, dizziness^^, dry_mouth^^, insomnia^^, asthenia^^, increased_sweating^^, 

amnesia^, extrapyramidal_disorder^, migraine^, paresthesia^, tremor^, choreoathetosis(pm), myoclonus(pm), 
NMS(pm), nystagmus(pm), abdominal_pain^, constipation^, diarrhea^, dyspepsia^, flatulence^, increased_saliva^, 
taste_disturbance^, pancreatitis(pm), abnormal_dreams^, aggravated_depression^, agitation^, anxiety^, apathy^, 
confusion^, depression^, impaired_concentration^, nervousness^, suicide_attempt^, sleep_disorder^, delirium(pm), 
withdrawal_syndrome(pm), fever^, tinnitus^, spontaneous_abortion(pm), ras^h, pruritus^, epidermal_necrolysis(pm), 
erythema_multiforme(pm), amenorrhea^, decreased_libido^, dysmenorrhea^, ejaculation_disorders^, 
menstrual_disorders^, polyuria^, micturition_disorders^, coughing^, pharyngitis^, rhinitis^, sinusitis^, 
upper_RTI^, chest_pain^, hypotension^, palpitations^, postural_hypotension^, tachycardia^, thrombosis(pm), 
arthralgia^, back_pain^, myalgia^, rhabdomyolysis(pm), anorexia^, weight_disturbance^, 
appetite_disturbance^, abnormal_ocular_accommodation^, angle-closure glaucoma(pm), increased_ALP^, 
cholestatic_hepatitis(pm), hepatic_necrosis(pm), influenza_like_symptoms^, decreased_prothrombin(pm), 
hemolytic_anemia(pm), prolactinemia(pm), acute_renal_failure(pm), allergic_reaction(pm)",drugs.com,



cyclophosphamide,n/a,m_2C19,
doxepin,n/a,m_2C19,
esomeprazole,n/a,s_2C19,
labetalol,n/a,m_2C19,
mavacamten,n/a,s_2C19,
r-mephobarbital,n/a,s_2C19,
